Cluster,Token
0,"UX Design, UI Design, Branding, Programming, Competitive Analysis, Market Analysis, Augmented Reality, 3D Modeling, Problem solving, Animation, Entreprenuership, Marketing, Database Management, Embedded Systems, Machine Learning, Human-centered Design practice, Storyboarding, Packaging Design, Presentation, Leadership, Business Planning, Manufacturing, Supply Chain, Virtual Reality, Back-end Web development, Project management, Fashion, Product Launch, 3D Simulation, Product Management, Strategic Decision Making, Accounting, Budgeting, Investment Planning, Game Art, Front-end Web development, Data Modelling, IoT, Business Intelligence, Big Data, User testing, Customer Experience, Public speaking, Team building, Visual Effects, Wood working, Metal Working, 3D printing, Textiles, Data mining, Artificial Intelligence, 2D / 3D Sketching, Liscensing, Medical Imaging, Telemedicine, Health Informatics, Human computer interaction, User research, Material science, Sustainability"
1,"Data Analytics, Experiential Design"
2,"Interaction Design, Data Visualization, Laser cutting"
3,Business model development
4,Collaborative design
5,Prototyping
6,Data structures and Algorithms
7,Product Design
8,Full-stack web development
